epoch,phase,train_loss,val_loss
1,pretrain,2.2875951528549194,12.391329765319824
1,finetune,2.0204870402812958,2.4195892810821533
2,finetune,1.9310416877269745,1.9653043746948242
